name,pos,scale,Rotation,,,,,,
Rock,-3.01,1.42,-1.51,2,1,1,0,0,28.28543
Rock,-0.12,1.35,4.47,2,1,1,0,0,328.5847
Rock,-1.49,1.84,1.44,1.555208,1,7.192821,0,0,0
Rock,5.33,-0.34,-3.43,1.5,1,1,0,0,328.5847
Rock,-2.33,0.86,-2.83,4.6481,1,4.2973,0,0,0
Rock,0,0.88,2.87,4.6481,1,4.2973,0,0,0
Rock,0.37,0.5,-3.14,1.5,1,1,0,0,328.5847
Rock,2.66,0.56,1.58,1.5,1,1,0,0,328.5847
Rock,0,0,0,10,1,10,0,0,0
